data,Rt,High_68,Low_68,High_95,Low_95
2020-02-24,,,,,
2020-02-25,,,,,
2020-02-26,,,,,
2020-02-27,,,,,
2020-02-28,,,,,
2020-02-29,,,,,
2020-03-01,,,,,
2020-03-02,,,,,
2020-03-03,,,,,
2020-03-04,,,,,
2020-03-05,,,,,
2020-03-06,,,,,
2020-03-07,,,,,
2020-03-08,,,,,
2020-03-09,,,,,
2020-03-10,,,,,
2020-03-11,,,,,
2020-03-12,,,,,
2020-03-13,,,,,
2020-03-14,,,,,
2020-03-15,,,,,
2020-03-16,,,,,
2020-03-17,,,,,
2020-03-18,,,,,
2020-03-19,,,,,
2020-03-20,,,,,
2020-03-21,,,,,
2020-03-22,,,,,
2020-03-23,2.1122636939641235,2.732690455717267,1.6345614541840443,3.495841739443475,1.299583736377029
2020-03-24,2.053658735149447,2.6280144115496302,1.6063650056445313,3.3294320348450794,1.2861332230348825
2020-03-25,1.9706976353055141,2.480512267199666,1.5667947074700204,3.096238603152475,1.2688034836931845
2020-03-26,1.8915213343236568,2.343558512607556,1.527501751381899,2.8836132862335973,1.2514997637822827
2020-03-27,1.817060937719205,2.217671997709378,1.4894184339917986,2.691251613962317,1.2347444865271582
2020-03-28,1.7414264942958793,2.0920184699642834,1.4500070752005711,2.501783002205785,1.2177602126783595
2020-03-29,1.6731389945948227,1.981593422279609,1.4129929422120215,2.3383562252663803,1.2011552651312054
2020-03-30,1.603399016752602,1.871324957414865,1.3740318545877093,2.1778096765744985,1.1832234709201868
2020-03-31,1.528061782599837,1.7545721300146842,1.3309161493590345,2.0104471916035758,1.1631352302922762
2020-04-01,1.4487463262809774,1.6338761738852228,1.2846607760577722,1.8400503188705084,1.1416195232156068
2020-04-02,1.3711357430044917,1.5178337445631436,1.238649308356301,1.6787433130322564,1.1203744406185714
2020-04-03,1.2985703911978255,1.4121260670488902,1.1941610697474623,1.5348280973006563,1.0988981026978004
2020-04-04,1.2332808391183978,1.3202235514692193,1.1520699201341584,1.412898057186623,1.0765907945165016
2020-04-05,1.1754356078867674,1.2421357958594792,1.1123196711728205,1.3124202350909562,1.0527879857176392
2020-04-06,1.1219930002569063,1.1721802580214717,1.073955511012033,1.2245172843057293,1.0280677902868511
2020-04-07,1.0699884011259644,1.1054185987212923,1.0356940822450076,1.1419846750309914,1.0025356420784215
2020-04-08,1.0228711802434325,1.0492467915866588,0.9971586948809806,1.07628552891066,0.9721093354993035
2020-04-09,0.9798099634070266,1.0016167318175615,0.9584780188465982,1.0238983240782034,0.9376208981362765
2020-04-10,0.9423384759545864,0.9654282807767129,0.9198009807745393,0.9890703952409189,0.8978157952365714
2020-04-11,0.9113685530984296,0.9387084602042205,0.8848250903980862,0.9668448117154591,0.8590780721031905
2020-04-12,0.8877272943868636,0.9190473249723125,0.8574749229558772,0.9514350147122238,0.8282902106793534
2020-04-13,0.8704687068920643,0.9048666195258108,0.8373788811529479,0.9405726190541872,0.8055971423084614
2020-04-14,0.858856703085186,0.8953328001782159,0.823867269052684,0.9332955603317737,0.7903644980807102
2020-04-15,0.852073535056822,0.8898133352613269,0.8159351197399094,0.9291545203534238,0.7813980893105891
2020-04-16,0.8475130441129409,0.8862311673649979,0.8104872660767528,0.9266416358329235,0.7751538332564332
2020-04-17,0.8468775380881332,0.8857324172655244,0.8097279466568165,0.9262925841889904,0.7742836429715743
2020-04-18,0.8475817753536395,0.8862843973179613,0.8105700414688921,0.9266779073618572,0.7752491956637191
2020-04-19,0.8476105922620059,0.8863069297682179,0.8106045504772691,0.9266935629959054,0.7752888044140078
2020-04-20,0.8484705368496505,0.8869731684610342,0.8116400546500568,0.9271479494842081,0.7764817218622535
2020-04-21,0.8500771714409178,0.8881996096978066,0.81359174161313,0.9279590563837964,0.7787433202144433
2020-04-22,0.8532176491349669,0.8906496213097393,0.817359552678039,0.9296554692023562,0.7830753319389554
2020-04-23,0.859019841373248,0.8951738083047247,0.8243266441546355,0.9327885449490655,0.7910942166488873
2020-04-24,0.8610759353434478,0.8967529196866985,0.8268189087766326,0.9338498618063846,0.7939818399862526
2020-04-25,0.8613267176654471,0.8969475810808893,0.8271210390659869,0.9339836293123135,0.7943305452825086
2020-04-26,0.8559475470939777,0.8928904173819856,0.82053382328439,0.9313624341484134,0.7866492459532223
2020-04-27,0.8482204958670682,0.8870803151011191,0.8110638039438629,0.9276432616460156,0.7756102393315035
2020-04-28,0.8407014726029571,0.8813991309446962,0.8018839876120609,0.9239769626372779,0.7649466759720075
2020-04-29,0.8353163441922803,0.8772631126017113,0.795376428937394,0.921216734165687,0.7574433668370524
2020-04-30,0.8296465820557676,0.8727455884285297,0.7886772435338104,0.9179742626520967,0.7498375728626582
2020-05-01,0.8211290351348643,0.8660579077875665,0.7785325279762922,0.913319145934399,0.7382683863118504
2020-05-02,0.8113053445975931,0.8583245665287769,0.7668637819798851,0.9079214477734364,0.724999878675653
2020-05-03,0.799313911874567,0.848794929138495,0.752719875493778,0.9011629272855618,0.7090128199961278
2020-05-04,0.7849214798913232,0.8372478591449053,0.7358685983034512,0.8928477360641973,0.6900892143812891
2020-05-05,0.7716207347739976,0.8263189377375844,0.7205472557839621,0.8846418646747225,0.6730985007674779
2020-05-06,0.7597653204760296,0.8166541607266475,0.7068442257559382,0.877510746507792,0.6578908765663736
2020-05-07,0.7477675115926834,0.8069917802244784,0.6928955172391249,0.8705683231345098,0.6423757971638029
2020-05-08,0.7364534981889388,0.7977352248387023,0.6798863770628912,0.8637315570121818,0.62803386146056
2020-05-09,0.7250294841527491,0.788424603464879,0.66674006318362,0.8569254211200096,0.6135563405574914
2020-05-10,0.7107995143261483,0.776558390311223,0.6506191108212787,0.8478957387765028,0.5960171797966142
2020-05-11,0.6935193677290422,0.7619527296472276,0.6312446651502789,0.8365447509048352,0.5751286219109379
2020-05-12,0.6787296114000834,0.7492062365436393,0.6148973403866295,0.826327215817297,0.5577094235032773
2020-05-13,0.6711521145413815,0.7425973823125757,0.6065965739547,0.8209323772682823,0.5489307605525312
2020-05-14,0.6675483870747662,0.7394886575820175,0.6026233776393964,0.8184441891611508,0.5447136292759084
2020-05-15,0.66476600748127,0.7370743655127234,0.5995683828013396,0.8164934568957,0.5414814914729321
2020-05-16,0.6608846854763571,0.7337226753143878,0.5952953588213902,0.8138093283354821,0.536954695349487
2020-05-17,0.6567343511197159,0.730142174446667,0.5907256281133064,0.8109490980941594,0.5321160054274385
2020-05-18,0.6546335966618102,0.72831769040577,0.5884233158051975,0.8094755970370766,0.5296868478359316
2020-05-19,0.6564793182609109,0.7299079386487078,0.5904563898436012,0.810742251006992,0.5318391533967787
2020-05-20,0.6644986819635503,0.7368644980987643,0.5992569701569904,0.8163544185626326,0.5411393626790848
2020-05-21,0.6689511758657372,0.7407060277853565,0.6041638592671812,0.8194284150260394,0.5463440779896886
2020-05-22,0.6730284521630436,0.7441772562478634,0.6086976117248876,0.8221440239793468,0.5511847349333953
2020-05-23,0.6739665536983407,0.744975842111272,0.6097411420249457,0.8227690072637397,0.552299607091087
2020-05-24,0.6773698256627676,0.7478836647453411,0.6135191901068675,0.8250607073545879,0.5563317580776406
2020-05-25,0.6820994349240607,0.751974767152262,0.6187311661458973,0.8283571628305012,0.5618699608177716
2020-05-26,0.6882644914965999,0.7572765203573396,0.6255547706710626,0.8325908572532819,0.5691473578807278
2020-05-27,0.6883839348520665,0.757375632367091,0.6256899970834882,0.8326650896285616,0.5692938190613558
2020-05-28,0.6903031022385989,0.7589873050116577,0.6278472219679786,0.833899830287155,0.5716196641997968
2020-05-29,0.6939888029313087,0.7620732226852033,0.6319993030447014,0.836252562306385,0.5761047230253815
2020-05-30,0.6976209750337563,0.7651467835969359,0.6360661095108542,0.8386435352003928,0.5804821870282292
2020-05-31,0.6970080690651091,0.7646273840492624,0.6353803608326408,0.838238305785101,0.5797442593518577
2020-06-01,0.697983504156043,0.7654562984696609,0.6364698427122537,0.8388882256531075,0.5809153141382929
2020-06-02,0.6997004322980747,0.7669259086135803,0.638379019342577,0.8400554482890943,0.5829616697470874
2020-06-03,0.7026891359101745,0.7694146133520707,0.6417611726499846,0.8419376049756733,0.5866307235715011
2020-06-04,0.7035953728700951,0.7701690915924826,0.6427871025040335,0.842508258671196,0.587744280494298
2020-06-05,0.6979784807067636,0.7654943371136318,0.6364290832310202,0.8389766524516247,0.5808461446864015
2020-06-06,0.695596229481265,0.7634636137614748,0.6337738186508071,0.8373759714914364,0.577996381270101
2020-06-07,0.6914403090207732,0.7599535433588233,0.6291164535245978,0.8346561565387475,0.5729819768702967
2020-06-08,0.6897635435067508,0.758554545590441,0.6272238674013513,0.833596873652422,0.5709355172742423
2020-06-09,0.698002631682682,0.7655112672346566,0.6364590439600964,0.8389849506160204,0.5808805040669002
2020-06-10,0.7006554411729757,0.7678157684986365,0.6393808617820237,0.840861843759006,0.5839920303257803
2020-06-11,0.6998521744272763,0.7671331444260141,0.6384834343623162,0.8403263443585298,0.5830269242311339
2020-06-12,0.6995051149050442,0.7668383215410788,0.6380956254262347,0.8400952453343385,0.5826098531046505
2020-06-13,0.7055508562273339,0.7719625129926259,0.6448631809650335,0.8440981512609091,0.5898994872057246
2020-06-14,0.715245979109489,0.7802392930097144,0.6556759808224399,0.8506559225231161,0.6015292981485671
2020-06-15,0.7324208385741363,0.7948571175105058,0.6748965378081769,0.8622053746172855,0.622284215212628
2020-06-16,0.7632146255773935,0.820991188535867,0.7095090862575801,0.8828387751330001,0.6598745705764267
2020-06-17,0.789955450811891,0.8432358361727141,0.7400449869309123,0.8998861430133815,0.6935044445297776
2020-06-18,0.8198694952777273,0.8677949280551633,0.7745928462698859,0.9183691446021942,0.7319649810316391
2020-06-19,0.852830063169047,0.8957192453526075,0.8119956961793033,0.9406632427299851,0.7732161443833768
2020-06-20,0.8788948814253157,0.9155654632138488,0.8436936334618699,0.9537053788274694,0.8099617193235114
2020-06-21,0.9000988415035005,0.9317884214441702,0.869487317487161,0.96455605730917,0.8399538493951515
2020-06-22,0.9173313446260238,0.945499720775016,0.8900023484759134,0.9745074769228896,0.8635127323246847
2020-06-23,0.9374251798333565,0.9600594434994284,0.9153246134329772,0.9832274044311929,0.8937577442982908
2020-06-24,0.9521180800425265,0.9686524306479743,0.9358659820365932,0.9854690338529365,0.9198961366301742
2020-06-25,0.9562730784729363,0.9713525197254883,0.9414277471297464,0.9866660708874023,0.9268165256959188
2020-06-26,0.9509087248670209,0.9675213761985237,0.9345813390967366,0.984419293091245,0.9185392188876709
2020-06-27,0.936852623042331,0.9570771621319686,0.9170555078536825,0.9777291251225952,0.8976858165660233
2020-06-28,0.915204794131147,0.9407082604213101,0.8903928773684743,0.9669032762389637,0.8662725101332921
2020-06-29,0.8894423918015018,0.9208451767969299,0.8591108203009286,0.953319175287213,0.8298504622952103
2020-06-30,0.8666004203784264,0.9037776703047736,0.830953118737988,0.9424848685170296,0.7968357653834587
2020-07-01,0.8436180484654985,0.8852859254725962,0.8039124466457408,0.9289160776670341,0.7661691200133235
2020-07-02,0.8215359824811912,0.8674798058626937,0.7780271635854951,0.9158586337300026,0.7369533491756056
2020-07-03,0.8085364245101113,0.8572808197778765,0.7625658456272391,0.9087990314305349,0.71936908312926
2020-07-04,0.7928288934684966,0.8440341627951564,0.7447329729514034,0.8983487809313828,0.6997464012438768
2020-07-05,0.7852202992228,0.8375419749565443,0.7361703805257775,0.8931354077270103,0.6903922188654769
2020-07-06,0.7872428693739245,0.8392523709248658,0.738459561070804,0.8944880657236282,0.6929024460155043
2020-07-07,0.7963401532187497,0.8469254413160607,0.7487789301563039,0.900534794448237,0.7042417721287234
2020-07-08,0.8091574663630068,0.857901346947669,0.7631853340102098,0.9094169757641966,0.7199849498892781
2020-07-09,0.8310205522906197,0.8761501781515617,0.7882170525857801,0.9236059301686061,0.7477396790370427
2020-07-10,0.8530074564264509,0.8935377850136798,0.8143165054127491,0.9359074911744358,0.7774649319725744
2020-07-11,0.8789697269338856,0.9136853330931466,0.8455736216333641,0.949720440111147,0.8134970171915819
2020-07-12,0.9048346959315353,0.933371588870595,0.8771704936395547,0.962781172456734,0.8503789819946531
2020-07-13,0.9324843642984817,0.9545950398314647,0.910885892936274,0.9772179195352227,0.8897996257448414
2020-07-14,0.9571060673377519,0.9743592176353753,0.9401584455625911,0.9919178964554611,0.9235163523098928
2020-07-15,0.9791437084458885,0.9904359818487299,0.9679801860023659,1.0018570062108902,0.956945414518162
2020-07-16,0.9928996542747562,1.0004292790682794,0.9854267012057003,1.0080155755862696,0.9780104198611118
2020-07-17,1.0010897910878707,1.0080048096886252,0.9942222107973181,1.0149672665995817,0.9874020688169675
2020-07-18,1.0085045507101162,1.0152744642906826,1.0017797798382126,1.0220895205799123,0.9951001516749719
2020-07-19,1.0148155660475349,1.0219701094749714,1.0077111103069831,1.0291747405892933,1.0006567422533164
2020-07-20,1.0200455116984382,1.028072499976734,1.0120811975241883,1.0361621623590764,1.0041795574539853
2020-07-21,1.0220762581681888,1.0304032803375158,1.0138165304569322,1.0387975969649137,1.0056240972037465
2020-07-22,1.023922871232127,1.032434542707842,1.015481373485982,1.0410163879131267,1.007110049469407
2020-07-23,1.031294019249419,1.0415031361805531,1.0211849774583892,1.0518123282517906,1.0111760108074632
2020-07-24,1.0362950251851202,1.0486101608800422,1.0241245264609296,1.0610699335456952,1.01209866470747
2020-07-25,1.0382040220449062,1.0511410890742579,1.0254261858206994,1.0642373869087547,1.0128075804016379
2020-07-26,1.043873904156591,1.0589205545950606,1.0290410687372469,1.0741810200526556,1.014422048337028
2020-07-27,1.0521632815375879,1.0695885492212678,1.0350219175142372,1.0872977205652765,1.0181644571512154
2020-07-28,1.0608647358662662,1.0802368530073978,1.0418400509561065,1.0999564023795012,1.0231627982769191
2020-07-29,1.070525512107674,1.0926975473836373,1.0488034181363748,1.1153195239642648,1.0275312654697393
2020-07-30,1.082034467916533,1.1081449802695655,1.0565392663028936,1.1348708033619912,1.031659375428647
2020-07-31,1.0994297035173186,1.131643780690684,1.068132838195631,1.164775069715727,1.0377531847256205
2020-08-01,1.1196503117160708,1.159076586527893,1.0815655194753593,1.1998443439108255,1.0448222098057582
2020-08-02,1.1360199905089832,1.1808611863768559,1.0928821770945367,1.227405764698155,1.0514477461335168
2020-08-03,1.1477338553249266,1.196176032868128,1.1012542714502966,1.246580804079901,1.0567372812442384
2020-08-04,1.14829534413034,1.1969051064991711,1.1016605788921379,1.2474898659986309,1.0570008107845643
2020-08-05,1.1436467565082693,1.1907597438289361,1.0983985474817182,1.2397375094437184,1.0550151167492825
2020-08-06,1.1435156808475855,1.1905866738205384,1.0983064127982536,1.2395193917171123,1.0549588696725423
2020-08-07,1.147394276994055,1.1956773654010766,1.1010617212625162,1.2459109864835805,1.0566796982064601
2020-08-08,1.156393231117727,1.2081786982323885,1.106828435045502,1.262184836389487,1.0594843100157134
2020-08-09,1.1649842248591817,1.2198911086039388,1.1125499341929537,1.277270585427225,1.0625882366052548
2020-08-10,1.1745189498026742,1.2331425223986938,1.1186839172093694,1.2945546349974286,1.0656374246187794
2020-08-11,1.1763727988073454,1.2357363461302733,1.1198626645553704,1.2979533065241542,1.0662059433743485
2020-08-12,1.1819902870591739,1.243633428732881,1.1234044882196652,1.3083339132407863,1.0678760322143552
2020-08-13,1.1918384612374016,1.257388654656498,1.1297078558963536,1.3263584361536431,1.0709968386333542
2020-08-14,1.2052009913784754,1.2757047941530804,1.1385966704574795,1.3501080787812942,1.075891831390093
2020-08-15,1.224044527799456,1.301208565340365,1.1514604883803354,1.3829526010030622,1.0834564470830033
2020-08-16,1.2464801187261765,1.33204539451092,1.166416896097845,1.4231127234520762,1.091855726625926
2020-08-17,1.2650386150830426,1.3577669006541913,1.178650581760244,1.4568354384736895,1.0986028006857949
2020-08-18,1.2718185078770998,1.3672698744731937,1.183038897631798,1.4693929974200792,1.100931043737288
2020-08-19,1.2733592226699637,1.3694430593482665,1.1840252056530838,1.4722767156879928,1.101441008297627
2020-08-20,1.273000888531922,1.3689346831932085,1.1837983283485425,1.4715997123324023,1.1013270026430702
2020-08-21,1.2751333760495054,1.3720142775239181,1.1851019937109672,1.4757446981342048,1.1019201305083035
2020-08-22,1.2884811493209858,1.3910474494592855,1.1934876914413188,1.5011865918562175,1.1060670758202842
2020-08-23,1.3079405080616244,1.4194887767608644,1.2051716576997533,1.539816463797473,1.1111822256752508
2020-08-24,1.3375617111446332,1.4629723389442366,1.2229215030109317,1.5991533864097418,1.1190517145431325
2020-08-25,1.3662430293922725,1.5054569190858917,1.2399302840080788,1.6575719530889366,1.1265186829333107
2020-08-26,1.391937388615961,1.5432289296034467,1.2555136308059307,1.709388253768388,1.1339576561733564
2020-08-27,1.421836530895355,1.5875424100618156,1.2734742124365184,1.7705918499358997,1.1424554546853052
2020-08-28,1.4499906694969906,1.629657116874705,1.290192647544647,1.8291919896777902,1.1502630510176743
2020-08-29,1.4756056183084443,1.6681803269060889,1.305336292598826,1.8830604183917594,1.157372349777234
2020-08-30,1.5012860875198324,1.7066634199138433,1.320713686976087,1.93684568415812,1.1649462182826074
2020-08-31,1.5220953521720024,1.7379502652995642,1.333153998874605,1.9807187382572904,1.1711262054073726
2020-09-01,1.5290310826965112,1.7484167495785037,1.3372824319954446,1.9954394326414218,1.1731707974753036
2020-09-02,1.5213062320159545,1.736749087315925,1.3326925690445466,1.9790211349444589,1.1709080984017015
2020-09-03,1.5017975554325527,1.7072154588325268,1.3211863381111786,1.937440048311101,1.1653818068684045
2020-09-04,1.475080265322476,1.6670024879943837,1.3053277839550135,1.8810944519707367,1.1577450438919958
2020-09-05,1.4425307715230353,1.6179052867902943,1.2862223286869445,1.8123458744887215,1.148979958282022
2020-09-06,1.4122760764287379,1.5728010079535681,1.268177705852528,1.7497525004270194,1.1405058962249388
2020-09-07,1.378210783395973,1.5230256588491073,1.2471967021122001,1.6816413284716034,1.1299834149977894
2020-09-08,1.341379781854035,1.4699639069004369,1.224065067601391,1.6098174427405967,1.1180197641425047
2020-09-09,1.3004055823309872,1.4106731520036049,1.198770463560518,1.5295731725783712,1.1057677956921972
2020-09-10,1.2606164611147133,1.3540731893173987,1.1736177194617268,1.4539879040697827,1.0930769643584393
2020-09-11,1.2242956854812317,1.3030463602400046,1.150308726128514,1.3865607504048325,1.0810854821818519
2020-09-12,1.191766465948437,1.2578967367667258,1.1291152077332989,1.3275060201881654,1.0699429621213112
2020-09-13,1.1614947487555396,1.2163454262435252,1.1091188024002487,1.2736708348642054,1.059217587177653
2020-09-14,1.1359229547774707,1.1817473095793178,1.0918761893400881,1.2293492537456296,1.0496070132671698
2020-09-15,1.1118059552991708,1.1493682371123326,1.0754715671236943,1.1881584125631794,1.0403650725859033
2020-09-16,1.0909769556536553,1.1210447727727926,1.0617157399296844,1.1519191912870965,1.0332611256008797
2020-09-17,1.0740458848431518,1.0979705504232604,1.0506425971648716,1.1224165939051973,1.0277606873884202
2020-09-18,1.0605101166045694,1.0791991133492405,1.042144790242528,1.0982117804765414,1.0241031342631166
2020-09-19,1.0536169598455598,1.0697887594619586,1.0376896403128666,1.0862050391620637,1.0220068008638792
2020-09-20,1.0497290732960487,1.064741898577835,1.034927938872392,1.0799664147177508,1.0203384953068644
2020-09-21,1.0465339295053198,1.0604428881888075,1.0328074110597023,1.0745342871101653,1.0192633328519554
2020-09-22,1.044187388865817,1.0572421341831826,1.0312938486939573,1.0704580846460543,1.0185615136676038
2020-09-23,1.0445400937690013,1.0576977182459282,1.0315461547923124,1.071019028223093,1.0187159013158613
2020-09-24,1.0449466437060981,1.0582306932462133,1.0318293564095296,1.0716815050298754,1.0188788313565078
2020-09-25,1.0464444103676596,1.0601816103086605,1.0328852163285807,1.074096816151584,1.0195040281914238
2020-09-26,1.0496286009977003,1.0643430930549544,1.0351175458063921,1.079261021978155,1.0208099274810305
2020-09-27,1.0537803387672144,1.0698496993253004,1.0379523568951496,1.0861604385694075,1.022365753709106
2020-09-28,1.0583035443658098,1.0758536899288311,1.0410397092050097,1.0936901458940738,1.0240621844464313
2020-09-29,1.0634925021461414,1.0828736490066662,1.044458264586152,1.102601705167726,1.025770936326698
2020-09-30,1.0708333308996227,1.0926689929466937,1.0494340715984436,1.114941057739657,1.0284712150431568
2020-10-01,1.0784503463411899,1.1027758224109798,1.054661516769592,1.1276379449789622,1.0314093336961867
2020-10-02,1.091302866344616,1.1200947525959024,1.0632511939824991,1.1496268527363585,1.0359397355095519
2020-10-03,1.1050971319378957,1.1384825914529317,1.0726908956757617,1.1728472742208698,1.0412638826665297
2020-10-04,1.12138194433269,1.160716023689029,1.0833811921705803,1.2013834302395978,1.0467137672027003
2020-10-05,1.1405966849319482,1.1867577168967114,1.0962318472705346,1.2347149431648237,1.05366320391247
2020-10-06,1.160133995226144,1.2131147882406748,1.1094681555927444,1.2684105346363364,1.0611172693404756
2020-10-07,1.1796724132778906,1.2397959997416867,1.1224662208426301,1.3028369802340192,1.0681774224359055
2020-10-08,1.2046016582859018,1.2744105534822143,1.1386195855981067,1.3480462711870438,1.076464335418829
2020-10-09,1.2360344732055433,1.3188685274922118,1.1584081105267692,1.406910273386775,1.0859894394558898
2020-10-10,1.2762335619170928,1.3766641049250425,1.1831394124420733,1.4844310414659223,1.0973816564999839
2020-10-11,1.323811785345201,1.4458401182310032,1.2121010019558414,1.5781860006132482,1.110707768062925
2020-10-12,1.3728844531135291,1.5177649905194102,1.2418653534893704,1.676506965707013,1.124707691646934
2020-10-13,1.4188681292922294,1.5853196113768535,1.2699417430525572,1.7692961893064296,1.1385404526578375
2020-10-14,1.4630811140305722,1.6510433737636163,1.296587116865077,1.86047389606421,1.1515613822671316
2020-10-15,1.5061872519161155,1.716215989899472,1.3219585774790865,1.9520447914291565,1.1635299665883851
2020-10-16,1.552157225122584,1.7864909378243516,1.3486943892328447,2.0516955273381474,1.1761024301551335
2020-10-17,1.5962551004054777,1.8550886965139426,1.3737130844780376,2.1502138728034326,1.1874626487316227
2020-10-18,1.6406787916847818,1.9249322819056138,1.398632189895402,2.251392660557898,1.1987924765374742
2020-10-19,1.6807489313510475,1.988793303995342,1.4207072342695306,2.3448403522024144,1.208668212750792
2020-10-20,1.7046395085933423,2.0271736405806853,1.4337512186049033,2.4013536145669314,1.214508770615368
2020-10-21,1.7150492301767806,2.044018465953859,1.439372458030594,2.4262801653618298,1.2169881495152992
2020-10-22,1.7224053693819634,2.0560133756442336,1.443289543274744,2.4441135620615544,1.218665897322575
2020-10-23,1.727138428164453,2.0637517310149227,1.4457993739467305,2.455639282498139,1.2197345683617549
2020-10-24,1.734706571617878,2.076137379919107,1.4498105785587008,2.4741030034623868,1.221449400741575
2020-10-25,1.7430669189972976,2.0898044671580527,1.454261081667422,2.4944737261496863,1.2233869551684258
2020-10-26,1.7496009370696473,2.100509062231391,1.4577298605029227,2.5104542359881536,1.2248958325312174
2020-10-27,1.7418917013619626,2.087871054647188,1.453643370482736,2.491581430338412,1.2231260620095084
2020-10-28,1.7283561278238784,2.0656736519480536,1.4464936007402207,2.4584461731127467,1.2200860706970804
2020-10-29,1.7134485818552823,2.041284048898719,1.4386082948738272,2.422114696004137,1.2167631879543541
2020-10-30,1.6973736044047318,2.0150891066190986,1.4300669918281956,2.3832134984712963,1.2131692688894904
2020-10-31,1.684743947014217,1.9946006747155312,1.423316735778303,2.3528869188822457,1.2103190410077895
2020-11-01,1.6735191001079113,1.9764912260143634,1.4172649920498852,2.3261813697692415,1.2077289018402853
2020-11-02,1.6616535422299261,1.9575237215820727,1.410761061178581,2.298371599235021,1.2048462784280378
2020-11-03,1.6370132002130022,1.9183906466351202,1.3971308097704074,2.241263149036761,1.1987434753073356
2020-11-04,1.6054077666446167,1.8684053076879272,1.3796150851152795,2.168607708245211,1.1910272630999157
2020-11-05,1.572186491907068,1.8164517173562256,1.3609184017660823,2.0937140781135546,1.1826474469332682
2020-11-06,1.5385715519004723,1.7642590600387402,1.3418735215227695,2.0189360459375734,1.1741649689056313
2020-11-07,1.5075121567516423,1.7164866235211116,1.3240743633136998,1.9509977636221079,1.1661732432072847
2020-11-08,1.4788086479322862,1.6726414357657517,1.3075139487731018,1.889012312273499,1.1587573382881986
2020-11-09,1.4492613596883406,1.6281689158852752,1.290072346565386,1.8267950151561902,1.1506018765164119
2020-11-10,1.41244014043994,1.5732225437544287,1.2681327347059257,1.7504799446493917,1.1403003265523861
2020-11-11,1.3763439704792382,1.5198092160013252,1.2464517003482523,1.6768474369145134,1.130132405608367
2020-11-12,1.3401889440468209,1.4669764918120276,1.2243799049840633,1.6047425482796842,1.1195493746237553
2020-11-13,1.3063998061230702,1.4180055110571228,1.203591798480005,1.5384089132821632,1.1095814881279278
2020-11-14,1.277453941260152,1.376598892497938,1.1854588588517332,1.4828937125650907,1.1006136452726816
2020-11-15,1.2513757429361774,1.3399113100057654,1.1686966240314884,1.4343033252402524,1.0918739532916981
2020-11-16,1.226045954294237,1.304756715768401,1.152087826609104,1.388220111031596,1.0828823327130017
2020-11-17,1.1986519913017584,1.2667724248119372,1.1341973725188836,1.3385586730494206,1.073408568463313
2020-11-18,1.172610250386594,1.2309204421639983,1.1170638343681236,1.2919944097003369,1.064281194108587
2020-11-19,1.147182144260549,1.1959371136212762,1.1004156034487012,1.2466805115308828,1.0556374911857327
2020-11-20,1.1242030849718352,1.1645674387447165,1.0852381956064563,1.2063312569251,1.0476727706485796
2020-11-21,1.103733816639682,1.1370082267605908,1.0714333867435417,1.1712566171062682,1.04010693707217
2020-11-22,1.0857563379654696,1.1136569990292686,1.0585547871997945,1.1422567703911917,1.0320523467322433
2020-11-23,1.0669793136162549,1.089689975239442,1.0447420253227864,1.1128740101923482,1.0229781103590365
2020-11-24,1.0474987849833237,1.0648342745204877,1.0304455357154454,1.0824520043269379,1.0136745267168532
2020-11-25,1.0265437381092057,1.039968734095683,1.0132920531276692,1.053567041087101,1.0002136791510732
2020-11-26,1.0049429410996034,1.0159515028458337,0.9940536685013849,1.0270793537400755,0.9832836850511782
2020-11-27,0.9843428981507988,0.9960993763894878,0.9727251807601699,1.0079946154762371,0.9612462242176012
2020-11-28,0.9636372514460732,0.9787963991438626,0.9487128957243702,0.9941903388177387,0.9340233319787539
2020-11-29,0.9427525746041504,0.9620036024565155,0.9238868251252574,0.9816399086823528,0.9054063540198367
2020-11-30,0.9208887982583893,0.9447226006199893,0.8976563793612654,0.9691577864460652,0.8750253439286175
2020-12-01,0.9005568859238468,0.9286466884739258,0.8733169411093743,0.9575863487596116,0.8469268540305087
2020-12-02,0.8812369265501818,0.9134093708100317,0.8501980237579432,0.9467153565374928,0.8202926624333158
2020-12-03,0.8633785035563871,0.8993748113905601,0.8288234785837613,0.9368124020862798,0.7957097364726824
2020-12-04,0.8473256806304089,0.8867344904144684,0.8096691675499593,0.9278955969021379,0.7737649511731199
2020-12-05,0.832835850377689,0.8752926533205349,0.7924396629825622,0.9198100718110997,0.7541040911351544
2020-12-06,0.8184136352981266,0.8638156042910742,0.7753996347286337,0.9116055417074763,0.7347736025825952
2020-12-07,0.8071783098744673,0.8547635839634691,0.7622441963118085,0.905000018578814,0.719961243275493
2020-12-08,0.8003639326038805,0.8492720458777346,0.7542746923482796,0.9009990321698419,0.7110043251109318
2020-12-09,0.7948333247079605,0.8447635112612822,0.7478568697357856,0.8976474293957507,0.7038341463447574
2020-12-10,0.78968498231764,0.8406086535500392,0.7418490783327791,0.8946200920299769,0.6971009415954568
2020-12-11,0.7851172138726702,0.8369429118314364,0.7365037811627217,0.8919808750390202,0.6911026137015911
2020-12-12,0.7812086895466911,0.8337918017894334,0.7319450371386359,0.8896943738668627,0.6860008445652676
2020-12-13,0.7805960153177323,0.8332949913816864,0.7312331501339492,0.8893300783258113,0.6852063958303369
2020-12-14,0.784304376340284,0.83633810497742,0.7355111243380871,0.8916123102494949,0.6899583489708291
2020-12-15,0.7916332611339081,0.8423311958082108,0.7439894844479319,0.89608328847084,0.6993998657502823
2020-12-16,0.8010761727336092,0.8500074472870912,0.754963998729249,0.9017578223896952,0.711670925274011
2020-12-17,0.8125533868288376,0.8593011315551011,0.7683506998086147,0.9085939339874052,0.7266930704944321
2020-12-18,0.8241948072931681,0.8686048834315526,0.7820568176863744,0.915287046101528,0.7421909146111715
2020-12-19,0.8323650411945442,0.8749788915150329,0.7918278333711173,0.9196693843325837,0.7533672680447522
2020-12-20,0.8391704327842379,0.880279690530539,0.7999820344145956,0.9233098076534991,0.7627144954216125
2020-12-21,0.847106002384414,0.8864055750673298,0.8095496679847983,0.9274483860335453,0.7737365718684824
2020-12-22,0.8565353606018331,0.8936179252287881,0.820992278411405,0.9322399722922702,0.7869886786575039
2020-12-23,0.8684453643436372,0.902612752026197,0.8355718082388682,0.9380739712865478,0.8039920837118903
2020-12-24,0.8809855674028115,0.912277922094239,0.8507668983049959,0.944643962379278,0.8216219148007917
2020-12-25,0.8930891886061448,0.9218483463676816,0.8652274566540523,0.9515049299386625,0.8382631505114039
2020-12-26,0.9043151877569358,0.9309157158187911,0.8784749139025863,0.9582764980881523,0.8533948942557427
2020-12-27,0.9077400322193694,0.9335345730977029,0.8826583576910458,0.9600419803260463,0.8582895495127323
2020-12-28,0.9068079156051599,0.9328664194922744,0.8814774668036345,0.9596529784649782,0.8568750730876983
2020-12-29,0.9058484783825147,0.9321749975240619,0.8802656220409155,0.9592451794655571,0.8554264284992642
2020-12-30,0.9044450370724647,0.9311576446074334,0.8784989058446313,0.9586367284495378,0.8533192509239333
2020-12-31,0.9057648734470632,0.932124550606744,0.8801507742803084,0.959229805759351,0.8552822531064798
2021-01-01,0.9141226973650604,0.9386497686267898,0.8902366319043202,0.9638178456895089,0.8669915722445697
2021-01-02,0.9260856120614297,0.9489455638389354,0.9037764329022971,0.9723562882348141,0.8820180263615379
2021-01-03,0.9329559872034218,0.9547413228068112,0.9116678152075214,0.9770238220176896,0.8908768068191101
2021-01-04,0.9387947805010063,0.9597229619953059,0.9183230232861971,0.9811075677690958,0.8983076903508783
2021-01-05,0.9448398541991522,0.9649521591721496,0.9251467915155324,0.9854837064345245,0.9058729711212901
2021-01-06,0.9539259468746103,0.9730028420674256,0.9352231131901122,0.992453798768558,0.9168943410139314
2021-01-07,0.9721406858699408,0.9898325840710943,0.9547650313139332,1.0078407259173936,0.9377056204030715
2021-01-08,0.9933020008244953,1.0088664714833129,0.9779776681525177,1.0246710801289702,0.9628934734673801
2021-01-09,1.0151259221620546,1.0272055316263402,1.003188369964191,1.0394271983570478,0.9913928750327494
2021-01-10,1.0378633308042573,1.0521326485864924,1.0237875464077955,1.0665954997545002,1.0099052953971064
2021-01-11,1.0586992121964474,1.0790919604573361,1.038691881799471,1.0998701265821373,1.0190699692664067
2021-01-12,1.075739328995237,1.101277630589726,1.0507933326801788,1.1274082374636454,1.026439641644551
2021-01-13,1.0867436703883333,1.1157805430770749,1.0584625760477646,1.1455731941139893,1.0309372600553683
2021-01-14,1.090328758010871,1.120469781450304,1.0609986852273687,1.1514217555456685,1.0324795630997976
2021-01-15,1.0889897677584361,1.118832152358805,1.0599435046934853,1.1494706584945922,1.0316933631639529
2021-01-16,1.0859355176346148,1.115377081997495,1.0572712300922293,1.1455959231808694,1.0293842193703384
2021-01-17,1.079659640704597,1.1078508485861118,1.0521859237210045,1.1367595473655487,1.025429697635334
2021-01-18,1.067524894596613,1.093262618306199,1.0423931755386693,1.1196063466674278,1.0178674611323681
2021-01-19,1.05034736212632,1.0725998530926784,1.0285565779614985,1.0953140508605739,1.007227500598214
2021-01-20,1.0282684050114819,1.0469986774341753,1.009873234424063,1.0660640516921434,0.9918131656719189
2021-01-21,1.0051910372761945,1.0231738708494846,0.987524286129913,1.041472786849783,0.9701736174106401
2021-01-22,0.9786095129914725,0.9969558559490501,0.9606008146737093,1.015639843546442,0.9429297609957604
2021-01-23,0.9477302370350672,0.9670139999493428,0.9288310605785257,0.9866823493213527,0.9103164705797183
2021-01-24,0.9214270925718939,0.9446308630239617,0.8987933820515437,0.968404693407747,0.8767297314629108
2021-01-25,0.9009196002410295,0.9286080329861708,0.87405694086426,0.9571222390996841,0.8480200548558625
2021-01-26,0.8854846875549689,0.9165556748035174,0.8554673010791761,0.9486802628248214,0.8265035153761389
2021-01-27,0.8754217275758577,0.9087384615296873,0.843326883155557,0.9432770850170457,0.8124539282687854
2021-01-28,0.8714766411308976,0.9056139302848788,0.8386266210186065,0.94103848848055,0.8070638699480053
2021-01-29,0.8662047809596316,0.9013336016886775,0.8324456007524639,0.9378320629396016,0.8000560610671744
2021-01-30,0.8595805076804881,0.8958112856395644,0.8248156707497802,0.9335080046270092,0.791516774847441
2021-01-31,0.8597732409031654,0.8959658561486111,0.8250432262573301,0.9336210719936671,0.7917758122111052
2021-02-01,0.8645840607959526,0.899799542626892,0.8307473365047778,0.936393781997596,0.7982893697533677
2021-02-02,0.8741908718468525,0.9073351315749515,0.8422577507916685,0.9416905299759657,0.8115357684093998
2021-02-03,0.8858623548067139,0.9163920131068379,0.8563500763921035,0.9479390512924755,0.8278551778630068
2021-02-04,0.89769614206298,0.9255985033679768,0.8706350944763548,0.9543421783913452,0.8444153606081014
2021-02-05,0.9110920185177132,0.9358473702220154,0.8869916183556041,0.9612576734685108,0.8635461697356883
2021-02-06,0.927013917000767,0.9477389602491836,0.9067421407366215,0.9689172704818714,0.8869236314567475
2021-02-07,0.9413233029009804,0.9583563744783287,0.9245929876368705,0.9756922023689151,0.9081654286859985
2021-02-08,0.9522669366565096,0.9666701578089091,0.9380783329649397,0.9812879964221378,0.9241043467341993
2021-02-09,0.9613269586545421,0.9734989977869779,0.9493071172418932,0.9858232346392006,0.9374394735490312
2021-02-10,0.968926754732253,0.9793280044397922,0.9586359777632086,0.989839726885826,0.9484556735326589
2021-02-11,0.975542724348508,0.9837439232285282,0.9674098977655604,0.992013494405621,0.9593454434796854
2021-02-12,0.9820742599582842,0.9880839762197596,0.9761010962818476,0.9941302450662741,0.9701644851904498
2021-02-13,0.9877297833858673,0.9916860575571932,0.9837892926043331,0.995658115118311,0.9798645852125909
2021-02-14,0.9912299952510081,0.9943261492750826,0.9881434821209043,0.9974319441931278,0.9850666098847715
2021-02-15,0.9935613048999526,0.9961362723155748,0.9909929936702883,0.9987178959171544,0.9884313386265816
2021-02-16,0.9945854176702414,0.9969222395484073,0.9922540733948161,0.9992645390293134,0.989928206722131
2021-02-17,0.9957776140601865,0.9979999728870522,0.9935602040158981,1.0002272804964951,0.9913477427541869
2021-02-18,0.9953869750283132,0.9976765981824106,0.9931026064638292,0.9999714759261218,0.9908234924889587
2021-02-19,0.9948963360185493,0.9972437490793783,0.9925544485433319,0.999596687725819,0.9902180866537261
2021-02-20,0.9967951810205392,0.9990444806956726,0.9945509455397814,1.0012988445651816,0.9923117742533991
2021-02-21,1.00059142557135,1.0031381795031458,0.9980511373151439,1.0056913991105312,0.9955173147345275
2021-02-22,1.006291229865421,1.0099325563166557,1.0026630323120849,1.0135870116657892,0.9990479636566475
2021-02-23,1.012614878477157,1.017843158649672,1.0074134542044335,1.0230982947219782,1.0022388858315014
2021-02-24,1.0211097392857422,1.0286556688278916,1.0136191653114863,1.0362569539379347,1.0061839469051237
2021-02-25,1.0291174696309635,1.0394619986812912,1.0188758899246722,1.0499094770756552,1.008737259562417
2021-02-26,1.0409585384115654,1.055262492392951,1.0268484816832448,1.0697603436274021,1.0129323222079898
2021-02-27,1.0572305694180664,1.0770196568061532,1.0378051160960913,1.097172378260352,1.0187432968402281
2021-02-28,1.076221523442839,1.1019432282423718,1.051100299888861,1.1282654142874595,1.0265795575804384
2021-03-01,1.0967677157409614,1.1289485179521872,1.0655044172668537,1.162046823900531,1.0351586225298637
2021-03-02,1.1165560454090753,1.1550119572778093,1.0793808711297042,1.1947486067359057,1.0434864344396955
2021-03-03,1.1371070665031684,1.182096829655855,1.0938302021954416,1.2287994916535012,1.0522662367326745
2021-03-04,1.156718822339886,1.208395357734715,1.107253224246537,1.2622828304310236,1.0599985634546678
2021-03-05,1.175570786337785,1.2339354726438359,1.11996827364935,1.2950623325675026,1.0671279345785307
2021-03-06,1.1932545662783103,1.2579794404342408,1.131862088038715,1.326036710506507,1.0738020057154547
2021-03-07,1.2090148365351303,1.27949963818423,1.1424158367879944,1.3538702417352937,1.079702638942822
2021-03-08,1.2209850734558567,1.2958687359004435,1.150432291042631,1.3750832783763913,1.0842103886607664
2021-03-09,1.225720453543231,1.3023372147041932,1.1536149786685317,1.3834652621514185,1.0860207900800956
2021-03-10,1.2259991220037922,1.302719208861424,1.1538011793922234,1.383961439965118,1.0861253810267173
2021-03-11,1.2219688212180049,1.297181507657981,1.1511207596633601,1.3767588189832882,1.0846373229940467
2021-03-12,1.2149933281027674,1.287591968175816,1.14649129488792,1.3642872151070657,1.0820858685312735
2021-03-13,1.2077386156986483,1.2776458446992078,1.141659273640655,1.3513809606423333,1.0794078185252276
2021-03-14,1.1993429749541993,1.2660939146516696,1.13611372387048,1.336366542962891,1.076406161400512
2021-03-15,1.1885411869065998,1.2512933570839284,1.1289380096322807,1.3171945201642663,1.0724838252609714
2021-03-16,1.1738173742738105,1.2311752732359154,1.1191331122247352,1.2912068091110496,1.0671224870886893
2021-03-17,1.1575100124828621,1.2088804228355037,1.1083235331448988,1.2624347642028235,1.0613209848216143
2021-03-18,1.141481206305127,1.187110260093257,1.097606648441768,1.2344938098061582,1.05548658650318
2021-03-19,1.1265940164790185,1.1670508917960747,1.087540036957752,1.2089106629089208,1.0498889532322748
2021-03-20,1.1127298584315992,1.1485135473351216,1.0780613355557942,1.1854124022663615,1.0445079787077067
2021-03-21,1.0997662646646822,1.131433213993659,1.0689857946513144,1.1639866426382444,1.0390918039535553
2021-03-22,1.086573028216241,1.1142971138694542,1.0595388338884637,1.1427110908481037,1.0331945308861223
2021-03-23,1.078416749505052,1.1032321031922856,1.0541596461512697,1.1286057072129707,1.0304607931309384
2021-03-24,1.0692226189410974,1.0909160924557637,1.047960574872956,1.1130409954169551,1.0271299602513395
2021-03-25,1.0592135603372805,1.0776272803374947,1.0411145037125147,1.096355663713157,1.0233301104631976
2021-03-26,1.0484485355784179,1.0635087217375074,1.0336016251303242,1.0787821836075924,1.0189679903932258
2021-03-27,1.0374552277407203,1.049485630698151,1.0255627355330208,1.0616539444053132,1.0138081540750528
2021-03-28,1.0280146102904604,1.0380668475119672,1.018059717322241,1.0482164289867615,1.0082021686073086
2021-03-29,1.0188366834291287,1.0274014846010426,1.0103432828681012,1.0360376863838432,1.0019212829179602
2021-03-30,1.0087530770587871,1.0161964172168971,1.0013642579114836,1.0236942783858134,0.9940299597749864
2021-03-31,0.9977964074350777,1.005388607044299,0.9902615411955417,1.0130381400232058,0.9827840083256909
2021-04-01,0.9882487075926273,0.9963549119946508,0.9802084552288125,1.0045270684348826,0.9722341549032064
2021-04-02,0.9797870014588864,0.9886929226606752,0.9709613043991064,0.997679068004473,0.9622158314813353
2021-04-03,0.9708520024289381,0.981105261858872,0.9607058999001798,0.9914656781899815,0.9506669542725972
2021-04-04,0.96166824045182,0.9733834000103805,0.9500940838464014,0.9852395625220827,0.9386609301941247
2021-04-05,0.9522501060833365,0.9653646748506061,0.9393137081717505,0.9786574144735593,0.9265554811158484
2021-04-06,0.9427270480690956,0.9589249981123765,0.926802729753741,0.9753965798835839,0.9111520431663126
2021-04-07,0.9291031830165635,0.9496500013411955,0.9090009718224998,0.9706414267963959,0.8893433677590046
2021-04-08,0.9145917641714141,0.9392755940904641,0.890556728596465,0.9646082183536149,0.8671704873656165
2021-04-09,0.899924169196092,0.928344027222689,0.872374546377447,0.9576341204572381,0.8456951587667543
2021-04-10,0.8860062774946067,0.9175605550032793,0.855537450940214,0.9502002834662316,0.8261540753401012
2021-04-11,0.8725473641692084,0.9069457211323071,0.8394541269818447,0.9426491978711407,0.8076660095702162
2021-04-12,0.8620494329047961,0.8985086315368941,0.8270702654502414,0.9364478613465356,0.79357112917323
2021-04-13,0.8548315967203413,0.8926242276054561,0.8186397778620722,0.9320176705174169,0.7840487710306493
2021-04-14,0.8500233048143508,0.8886428222313534,0.8130829457513986,0.9289414980024064,0.7778217450424967
2021-04-15,0.8471403104027542,0.8862997210448157,0.809711926544111,0.9271901584702956,0.7740145694688864
2021-04-16,0.8459774424219546,0.8853749785743729,0.808333891878844,0.9265265003360988,0.7724443269450411
2021-04-17,0.8459024519928402,0.8853161709538817,0.8082442772963767,0.9264854341795011,0.7723416468644909
2021-04-18,0.8480262759952131,0.8869435680447856,0.8108174188026939,0.9275692949514113,0.7753169964672281
2021-04-19,0.8536479022071942,0.8911028057079581,0.8177680021136632,0.9301327126159545,0.783463105427365
2021-04-20,0.857815634149833,0.894272215424921,0.8228458876043845,0.9322156314296486,0.7893629757885754
2021-04-21,0.866535477992154,0.9012618968864334,0.8331475957579577,0.937326852440796,0.8010982501838446
2021-04-22,0.8768731566245757,0.9096462277285723,0.8452812292795272,0.9436004425915172,0.8148704456934273
2021-04-23,0.8875116711754681,0.91827562192197,0.8577786596718947,0.9500705119114002,0.8290765874112497
2021-04-24,0.8963273226991693,0.925236129421585,0.8683219860684244,0.9550484062356714,0.84122011952935
2021-04-25,0.9025286050231036,0.9300627368095601,0.8758097887719095,0.9584121841312789,0.8499062880559778
2021-04-26,0.9088912838932378,0.9349237050483564,0.883583861316369,0.9616811247817247,0.8590014373177501
2021-04-27,0.917111246112575,0.941075525089345,0.8937573111321282,0.965650148062438,0.8710137201480046
2021-04-28,0.925799951219083,0.9472078330647453,0.9048759715641017,0.9690996171010888,0.8844358940998018
2021-04-29,0.9317965363698515,0.9513297606476269,0.912664421243296,0.9712640940766223,0.8939334152679607
2021-04-30,0.9343040705029528,0.953059645996168,0.9159176279158838,0.9721843543955294,0.8979003182349613
2021-05-01,0.9334862161201494,0.9524778700502868,0.9148732783647703,0.9718482401551825,0.8966390567841493
2021-05-02,0.9289384348939627,0.949062253205959,0.9092413679265315,0.9696128228625207,0.8899710523036657
2021-05-03,0.9194542429966657,0.941606802224928,0.8978229244839258,0.9642806021687128,0.8767128466867083
2021-05-04,0.9091064229964516,0.9333154152449985,0.8855254862900681,0.9581524630357088,0.8625726051258482
2021-05-05,0.9043944242764889,0.9297067594827302,0.8797713742513782,0.9557083798701018,0.8558376094073981
2021-05-06,0.9016566716439987,0.9276527885391875,0.8763892011058926,0.9543775517914591,0.8518503769248692
2021-05-07,0.8989180163564743,0.9256449707322728,0.8729629335504753,0.9531437966778707,0.8477797223142757
2021-05-08,0.8935290022858459,0.9216543414197806,0.8662621400357937,0.9506381574375978,0.8398537546696242
2021-05-09,0.8865779460736775,0.916404515828827,0.8577224103703804,0.9472021196358291,0.829837908718936
2021-05-10,0.8777981342917925,0.9097549526514468,0.8469642045258119,0.9428346596047747,0.8172531633535047
2021-05-11,0.8707087494586238,0.9043461633839055,0.8383229217936156,0.9392351635694609,0.807188680388881
2021-05-12,0.8636586848713094,0.8988943929882954,0.8298047101737375,0.9355118345246959,0.79733246889558
2021-05-13,0.854312238597654,0.8916946247268424,0.8184977180859002,0.9306448764734649,0.7842510631915809
2021-05-14,0.8422449989043842,0.8824229562205493,0.8038973495482752,0.9244312214967708,0.7673800081522223
2021-05-15,0.8286236750731156,0.8719011968531938,0.7874955928405241,0.9173281581807589,0.7485169501554192
2021-05-16,0.8133870961625245,0.8600726655259759,0.7692375337052019,0.9092942417955566,0.7276239781540083
2021-05-17,0.8002183199660389,0.8495563859731385,0.7537479867785937,0.9017621847998925,0.7101453864108029
2021-05-18,0.7911915431219902,0.842202070839624,0.743273461783153,0.8963050449360542,0.6984478268231123
2021-05-19,0.7827744402506889,0.8353478450932297,0.7335130751947785,0.8912332897224009,0.6875637499254985
2021-05-20,0.7741930173683322,0.8283785312948679,0.7235556606711,0.8861122024507072,0.6764664612031716
2021-05-21,0.7628073545420445,0.8191550543701032,0.7103402729907171,0.879383372474893,0.6617538097161211
2021-05-22,0.7501719340166917,0.8088634727564957,0.6957447030569165,0.8718193192763284,0.6455817798771701
2021-05-23,0.7368539289441908,0.7979800125482007,0.6804170546045792,0.8637953054166091,0.6286693895293659
2021-05-24,0.7238840019503673,0.7872285529370283,0.6656447640014646,0.855678416961448,0.6125108390903202
2021-05-25,0.7166356089782119,0.7811422656929768,0.6574650188742294,0.850984989018524,0.6036304953810293
2021-05-26,0.7124091864549372,0.7776015056049475,0.6526920791346542,0.8482690365846848,0.5984501836440985
2021-05-27,0.7079997765846613,0.7739048071016812,0.6477173710798214,0.845432462630881,0.5930575905871615
2021-05-28,0.7018897425423096,0.7687615437575969,0.6408459242436716,0.8414613278895332,0.5856300888616824
2021-05-29,0.6941851325787868,0.7622387561203067,0.6322195776176559,0.8363804482422155,0.5763420912369139
2021-05-30,0.6849466481983072,0.7543177502456362,0.6219688311039213,0.8300821372459082,0.5653842989624787
2021-05-31,0.679382812295434,0.7495314593442359,0.6158138165395559,0.8262597576859619,0.5588244720766019
2021-06-01,0.6822520346931974,0.7519974104995067,0.61898929235406,0.8282254197729879,0.5622091834820946
2021-06-02,0.6888382778253099,0.7576317753358925,0.6263042068054314,0.8326846993371794,0.5700295622762569
2021-06-03,0.6956883877850581,0.7634249605877959,0.6339737680386812,0.8371834864468946,0.5782811013486653
2021-06-04,0.6960824512457273,0.7637537985253126,0.6344188442711814,0.8374328861099372,0.5787629776016749
2021-06-05,0.6942247767238247,0.7622024366328121,0.6323218650255787,0.836254844752541,0.5764937015380741
2021-06-06,0.6901150461978006,0.7587384826254293,0.6277109411417476,0.8335812504246338,0.5715261674572707
2021-06-07,0.6872384129825935,0.7562893514290441,0.6245051761270155,0.8316579914663674,0.5680896408623103
2021-06-08,0.6906675666758371,0.7592097767797439,0.6283260759780798,0.8339527062898,0.572185304686472
2021-06-09,0.6967750133100461,0.7644033517860651,0.6351416473550153,0.8380266627830726,0.579503253920973
2021-06-10,0.702234247453011,0.7690158434404256,0.6412629628268879,0.8416077507891315,0.5861019895620563
2021-06-11,0.7042850211319919,0.7707361495221129,0.6435738456842736,0.8429272308546368,0.588602623178958
2021-06-12,0.703160513383126,0.7697923003800711,0.6423070933787911,0.8422024543696262,0.5872320403670662
2021-06-13,0.7003698293740463,0.7674402008770911,0.6391723028240888,0.840383417333223,0.5838476212272181
2021-06-14,0.6968805829569854,0.764489953721042,0.635262134349447,0.8380902466416169,0.5796346078984271
2021-06-15,0.6996216132877804,0.7668059834747758,0.6383350002646255,0.8398881108256115,0.5829461444053112
2021-06-16,0.7052799372968359,0.7715336803924787,0.6447261148394822,0.8434873441264102,0.5898722130204174
2021-06-17,0.7094483460843621,0.7749732117499217,0.6494736193990291,0.8460482163957079,0.5950490316939225
2021-06-18,0.7123753551682189,0.7774328965895545,0.6527715571421575,0.8479441814061643,0.5986215025113704
2021-06-19,0.7109051927395468,0.7761993591159825,0.6511133460870592,0.8469958452163663,0.5968238191585199
2021-06-20,0.7067337541903475,0.7726861194456692,0.6464210215583334,0.8442781173242988,0.5917479215496271
2021-06-21,0.7002899621199528,0.7672706468539232,0.6391676956795638,0.8401097498814754,0.5839038475327565
2021-06-22,0.6985356265784188,0.7657915975455324,0.6371978740569607,0.838965786958301,0.5817783399811579
2021-06-23,0.6983433486066024,0.765630729660455,0.636980975396394,0.8388431185579516,0.5815436100298298
2021-06-24,0.6973750293185944,0.7648238209155441,0.6358860669717389,0.8382324417625883,0.5803569338749778
2021-06-25,0.6856399602916458,0.7551435851963862,0.6225470741692173,0.8310579488834388,0.5658649268291008
2021-06-26,0.6704701152614354,0.7424186666712523,0.6055106200398693,0.8213562742693203,0.5475401810065541
2021-06-27,0.6551284487891772,0.729268129523115,0.5885456165255473,0.8109646587273607,0.5295196327322251
2021-06-28,0.6423916318855,0.71808835864396,0.5746967082282816,0.8017868885036615,0.5150035876723048
2021-06-29,0.6364370977290682,0.7128093661533469,0.568271174066255,0.7973879793390911,0.5083115951649074
2021-06-30,0.634093579285029,0.7107213657452461,0.5657517148012355,0.7956350741818872,0.505695772293866
2021-07-01,0.6321405234282723,0.7089737328415892,0.5636585087175577,0.7941581369575081,0.5035276887094453
2021-07-02,0.6382299415827423,0.7143829295457422,0.5702180312144882,0.7986769951034879,0.5103471984409799
2021-07-03,0.6478824719912283,0.7229451557109334,0.580634591691531,0.8058226428506463,0.5212015148118412
2021-07-04,0.6624331551542297,0.7357817046443714,0.5964148269980308,0.8164604754684558,0.5377267201757746
2021-07-05,0.6821799499158926,0.7531878090466664,0.6178813998107553,0.8309049772030769,0.5602921587312545
2021-07-06,0.7119765858638674,0.7789835103889733,0.6507441920902752,0.851764965665593,0.5952863290681969
2021-07-07,0.7495416356639129,0.8108130503932293,0.6929070002658496,0.8767212444537987,0.6409091441990392
2021-07-08,0.7897754178112031,0.8434336628810519,0.7395343074767418,0.9005090426862881,0.692710331877668
2021-07-09,0.8418557098721652,0.8885378175490398,0.7976278872159454,0.9376742102465695,0.7558543495803803
2021-07-10,0.8988049271386469,0.9400157103886901,0.8594017152577493,0.9830340650078789,0.8218060747459973
2021-07-11,0.9582609088553754,0.997251346475295,0.9207954986604172,1.0377668115201761,0.8848551158904204
2021-07-12,1.0212853534712754,1.0629276170705697,0.9812751332785437,1.1062019240764267,0.9428969564923746
2021-07-13,1.0843222919637803,1.133361869376272,1.0374056082953513,1.184524340532826,0.9926118183709846
2021-07-14,1.148033386600627,1.2103706606940159,1.0889087779927389,1.2759206002729058,1.0329968348703522
2021-07-15,1.2136039768670686,1.2958050013803688,1.1366227346169557,1.3832258081568567,1.0648612746300306
2021-07-16,1.2807149266961815,1.3874319012579654,1.1822184686673505,1.5023693923527026,1.0919425271714727
2021-07-17,1.350473985913683,1.4865643609409327,1.226868477763333,1.635139602845082,1.1157478364898825
2021-07-18,1.4181724308908639,1.5855875040690817,1.2684835070089526,1.7707287265436065,1.136520732423348
2021-07-19,1.4825774584681806,1.6817831207435399,1.3070508723191816,1.9046678591452595,1.1552033622965425
2021-07-20,1.5326647719048532,1.7573564785146518,1.3368200297433501,2.0108951495727463,1.1698222520301427
2021-07-21,1.5754492921635053,1.8231580152190456,1.3615530150608348,2.1046791842274555,1.181469183911034
2021-07-22,1.6043599477605996,1.8688128227642526,1.3775186407822886,2.1708772657932474,1.1882889018293195
2021-07-23,1.6471089874851326,1.9362028519869472,1.4014229311365345,2.2687045246419784,1.199144682941153
2021-07-24,1.687921182929833,2.0010711266030294,1.4240801964575167,2.3635300274771063,1.2095481671860804
2021-07-25,1.7200214080956877,2.052534645208676,1.4417338865744096,2.439273597913373,1.217672080644841
2021-07-26,1.7380485324828792,2.0815859581839504,1.451598689650809,2.482210966754023,1.22223642968774
2021-07-27,1.7308635759681545,2.069984418623113,1.4476780019317312,2.465040529896606,1.2204276965138432
2021-07-28,1.7078962234633854,2.032884207200296,1.4351988553540407,2.410162806564773,1.2147921028722621
2021-07-29,1.6794873316741816,1.9871777606254546,1.4197280698031287,2.3427993566569474,1.2078999750122963
2021-07-30,1.647653429392098,1.936215718604355,1.4023382704034923,2.268025138040264,1.2002702416385385
2021-07-31,1.6176561467430222,1.8886547666533495,1.3857447149014246,2.1987405746324065,1.1929204711285564
2021-08-01,1.5872763495620081,1.8409675025386913,1.368712203259223,2.1297856621892723,1.1852750636303357
2021-08-02,1.552449932999199,1.7870497169261685,1.3487817166516074,2.052581068432516,1.176045067883394
2021-08-03,1.5019979740241072,1.7095182651363574,1.3197622908357927,1.942323164172544,1.162811215571414
2021-08-04,1.4477243773180708,1.6272751555185012,1.288045595505483,1.8266979301067743,1.148238810080738
2021-08-05,1.3984009618738418,1.5534387173694364,1.2588751544796775,1.7239884209664615,1.1348612951869432
2021-08-06,1.3560271261650372,1.4909040257976998,1.2333771385828254,1.6380078374808134,1.1229540630510646
2021-08-07,1.3186889861282414,1.436713466618431,1.2103765039222252,1.5644499453927943,1.1117760200003823
2021-08-08,1.2872978893141325,1.391799946499939,1.1906533659592786,1.5041595375166987,1.1018663764353778
2021-08-09,1.2577919087662142,1.350171272533891,1.1717405998857888,1.4488786911888198,1.092017345892615
2021-08-10,1.2255235243473155,1.3046224636752133,1.1512247496434893,1.388521567627183,1.081726139563735
2021-08-11,1.1947390344133557,1.2612596166681345,1.1317292831473391,1.3312910299116756,1.0722303628700844
2021-08-12,1.1687140230970803,1.2247688402043688,1.11522604929023,1.283390500612095,1.0643049187838176
2021-08-13,1.1482121816805155,1.1962610073690159,1.102094056346521,1.2462405334120217,1.0579066313670318
2021-08-14,1.1330881467666045,1.1755747392520788,1.0921375692329813,1.2195973466894048,1.0527230066512094
2021-08-15,1.122594196611741,1.1615222009795243,1.0849712170598607,1.201755230163211,1.0486532623238833
2021-08-16,1.1126092280774444,1.1483284617661385,1.0780013248674907,1.185159025933573,1.0445047521362774
2021-08-17,1.1005297490721122,1.1322761356634063,1.0696736322435698,1.164912792017452,1.0397077851777794
2021-08-18,1.0870729248511342,1.1142329627808287,1.060575026071914,1.142055139860997,1.034739266443168
2021-08-19,1.0762287245792963,1.0997605585151387,1.053200464444805,1.1237959662523318,1.0306757781116649
2021-08-20,1.0667509124649446,1.0873090474537974,1.0465815121176962,1.1082559170842545,1.0268008464120526
2021-08-21,1.0585764712132584,1.076502883525971,1.0409485983143913,1.094727835252529,1.0236192648293698
2021-08-22,1.0527239423395773,1.0688074487670005,1.0368824756033095,1.0851329948855788,1.0212830485581967
2021-08-23,1.046528393903741,1.060639183067517,1.0326053435916618,1.0749377110829896,1.0188700321312796
2021-08-24,1.040042262792972,1.0521106496915857,1.0281123126201521,1.0643174733159937,1.0163207991731265
2021-08-25,1.034778355467964,1.0451136682913043,1.0245452528693386,1.0555511913393598,1.014414360495428
2021-08-26,1.0316187823300862,1.0408884144299,1.0224317025786291,1.0502405988780705,1.0133271751755284
2021-08-27,1.0289467228703235,1.0373998458657108,1.0205624802346025,1.0459218492207645,1.0122471179585484
2021-08-28,1.0273326875057653,1.0352936977396139,1.0194328952827991,1.0433159259843445,1.0115943210707155
2021-08-29,1.0249810268508355,1.0323220057692568,1.0176922512686568,1.0397151880239206,1.0104556790227206
2021-08-30,1.0226889426863115,1.0293848274641844,1.016036613385489,1.036124267719107,1.0094278395617167
2021-08-31,1.0214654808458101,1.0277853503435215,1.0151844726998451,1.0341440811929787,1.008942325905626
2021-09-01,1.0203564309533368,1.0263348043905665,1.0144128816806806,1.0323480019923696,1.0085041565725978
2021-09-02,1.017899325703273,1.0233062350196034,1.0125209854226835,1.028741713371675,1.0071712141778357
2021-09-03,1.0134651263672407,1.0178881501092216,1.0090613220565565,1.0223303932824994,1.0046767371771688
2021-09-04,1.0087485422806484,1.0124999705262734,1.0050110135536314,1.016265298290507,1.001287384345223
2021-09-05,1.002195110261837,1.0063653544675562,0.998042147067747,1.0105528796849041,0.9939064648852862
2021-09-06,0.9949955033423545,1.0000774562625192,0.9899393748341351,1.0051852335946296,0.9849090707378613
2021-09-07,0.986395182827259,0.9928241904895334,0.9800078064761564,0.9992948294629795,0.9736620614362255
2021-09-08,0.9766516615131683,0.9852269800760994,0.9681509830917786,0.9938769387805723,0.9597249448119306
2021-09-09,0.9661593683067069,0.9774364323907383,0.9550124164247964,0.9888436086768907,0.9439955767450071
2021-09-10,0.9538097964667872,0.9681464776189591,0.9396854299804124,0.9826954734369282,0.925773378159835
2021-09-11,0.9400817432999676,0.9579721237353204,0.9225254995435651,0.976196640849623,0.9053033924661127
2021-09-12,0.9252834912235104,0.9466170082171529,0.9044308199642271,0.9684313709451546,0.8840589944393029
2021-09-13,0.9122107539963898,0.9364184314451717,0.8886289821975325,0.9612520145438779,0.8656731160485995
2021-09-14,0.9016005511922648,0.9281706922734332,0.8757911722130407,0.9555015954565462,0.850742555335761
2021-09-15,0.8931717531308319,0.9216403348479206,0.8655827483248403,0.9509884934761068,0.8388733204299461
2021-09-16,0.8849291854040806,0.9152247149592557,0.8556367654166696,0.9465233540821949,0.8273474549970223
2021-09-17,0.8776863094407172,0.9095870565566262,0.8469047194053296,0.9426069607530563,0.8172422864504634
2021-09-18,0.8703680600444674,0.9039554486297342,0.8380290762365715,0.9387912419923717,0.8069384972060464
2021-09-19,0.8632231924680605,0.8983901193755486,0.829433380950795,0.9349341616732595,0.7970206848237523
2021-09-20,0.8582846394646493,0.8945452284951342,0.8234944857122412,0.9322762528036959,0.7901747672379098
2021-09-21,0.8568556450347485,0.8934288777674491,0.8217801948608707,0.9314998930589723,0.7882025272458156
2021-09-22,0.8565676606617746,0.8932046941233286,0.821434019733842,0.931345120118504,0.7878037713395306
2021-09-23,0.8549990515707825,0.8919975977254355,0.8195358029389828,0.9305314414029418,0.7856078518300362
2021-09-24,0.8535211325830551,0.8908598395706557,0.8177480948597007,0.9297642158225027,0.7835407264005926
2021-09-25,0.8496148904886137,0.8878408515334361,0.8130355104752326,0.9277133936096994,0.7781027114932927
2021-09-26,0.8449788920585486,0.8842444778926736,0.8074577864810769,0.9252545439834517,0.7716811611602586
2021-09-27,0.840948979943676,0.88111732702989,0.8026127785292774,0.9231178197879192,0.766108722786694
2021-09-28,0.8389945975128679,0.8795873275947816,0.8002762100617031,0.9220544003074443,0.7634321652412873
2021-09-29,0.838802686130651,0.8794366389522802,0.8000472089335381,0.9219490673984256,0.7631702073609414
2021-09-30,0.8377133820615397,0.8785870894244452,0.7987422349656828,0.9213633570543994,0.7616736481368745
2021-10-01,0.8378865328136993,0.8787226579055232,0.7989491756977103,0.9214575509731822,0.7619105865575564
2021-10-02,0.8369982796863096,0.8780208316765418,0.7978934147166158,0.9209610706873125,0.7607062367674605
2021-10-03,0.8359049621338532,0.8771573920393314,0.7965936946884802,0.9203509844049148,0.7592235897032124
2021-10-04,0.8362933542508771,0.8774655530011448,0.797054090649691,0.920570686900494,0.7597477621975864
2021-10-05,0.8399007542931887,0.8803052746591199,0.8013517106709588,0.9225652717687524,0.7646581437924301
2021-10-06,0.844953895621521,0.8842392259222651,0.807414811670917,0.9252708025731493,0.7716219740704529
2021-10-07,0.849931675208436,0.8881204686138949,0.8133857430381218,0.9279521232544985,0.7784826721029523
2021-10-08,0.8542505019487128,0.8914351967275096,0.8186175784365053,0.9301716627728959,0.7845364261908873
2021-10-09,0.8578908975657323,0.8942350516906595,0.8230244795937244,0.932056941968506,0.7896357977746357
2021-10-10,0.86079866086967,0.896476586554795,0.8265412059861437,0.9335749830415184,0.793704221904216
2021-10-11,0.8626096914486331,0.897875958910157,0.8287291272701942,0.9345279296547658,0.7962342663748404
2021-10-12,0.8675286287473496,0.9016949663768544,0.8346573609274929,0.9371563738160071,0.8030811629172843
2021-10-13,0.8740387791135373,0.906706812125201,0.84254813544978,0.940552234484771,0.8122348811339288
2021-10-14,0.8796491945181314,0.9110548349620887,0.849326482782173,0.9435434041140451,0.8200866997542138
2021-10-15,0.8813907544603493,0.9123556249516603,0.8514771182155031,0.9443717296894358,0.8226147162171216
2021-10-16,0.882582322648362,0.9132470259551695,0.8529475588825843,0.9449416688030067,0.8243427346578364
2021-10-17,0.8840651036849062,0.9143794246501291,0.8547560663903531,0.9456990292860218,0.8264523127664697
2021-10-18,0.8859628553094642,0.9158281503651444,0.8570717311182909,0.9466676162853319,0.8291547777916249
2021-10-19,0.8910108501892411,0.9197309249557956,0.8631878245992622,0.9493480488989259,0.836261848185859
2021-10-20,0.899400919619816,0.9263403407049334,0.8732451046091884,0.9540633678645407,0.8478728956730504
2021-10-21,0.912378030573421,0.9367178324351659,0.8886707841790291,0.9616901897642638,0.8655960932519899
2021-10-22,0.9290981822457451,0.9507572944765214,0.907932548240738,0.9729098849330665,0.8872603924614996
2021-10-23,0.9498125017070733,0.9689641843156107,0.9310393911674304,0.9884944389930427,0.9126448526966818
2021-10-24,0.974699137271917,0.9926776249060645,0.9570462866012297,1.010981749503672,0.9397190728940025
2021-10-25,1.0033055689047736,1.0231419174154799,0.9838538373255857,1.0433628828577046,0.9647867226779162
2021-10-26,1.0349874016840106,1.0585987674609136,1.011902737774428,1.0827368351051374,0.9893447757321664
2021-10-27,1.070027572323286,1.100141710651473,1.0407379016570362,1.1310803166415977,1.0122726986527235
2021-10-28,1.1081070048440154,1.1470592328222533,1.0704779114453349,1.1873345953800485,1.0341719526262112
2021-10-29,1.14284009757265,1.1921623825098857,1.0955592540513646,1.2435261088630718,1.050319851946029
2021-10-30,1.1771812859332085,1.2379720446204776,1.1193774660938418,1.301749742155649,1.0645605851023774
2021-10-31,1.2076382005726087,1.2789136259084943,1.1403381313654746,1.3541644073731316,1.0770134182870916
2021-11-01,1.2316429678036762,1.311690898800978,1.1564846402321718,1.3966284332240766,1.0862159160864644
2021-11-02,1.2471152074035852,1.3328597898127623,1.1668924030366017,1.4241261502641331,1.0921913767118119
2021-11-03,1.2506355144546186,1.3376455160056275,1.169291263254493,1.4303212679075192,1.0936127624052505
2021-11-04,1.2489302337870538,1.3353118981942664,1.168142479621943,1.4272874728435807,1.0929486356989344
2021-11-05,1.2461784501036264,1.3315168731241775,1.1663150914049125,1.4223303604665658,1.0919267970280362
2021-11-06,1.2442266957154258,1.3287877201291214,1.1650524015952732,1.4187354748363596,1.0912648377686638
2021-11-07,1.2434310130260613,1.3276656221071894,1.164546112557058,1.4172499398004428,1.09101092070018
2021-11-08,1.242016993866176,1.3256742729134334,1.163644211891886,1.4146160490336583,1.0905559269905634
2021-11-09,1.2368808168149723,1.3184072378926244,1.160400578078841,1.4049798413117969,1.08896652168423
2021-11-10,1.2307701465836776,1.3097604254991368,1.1565480282266958,1.393518864973074,1.087094070428192
2021-11-11,1.2287515889480614,1.3068864168344614,1.1552923905792476,1.3896968742384477,1.08650882172802
2021-11-12,1.232741307594185,1.3125711966676938,1.1577711285318597,1.397260795752386,1.0876606594807177
2021-11-13,1.2419619135502307,1.3255584891608554,1.1636426229067953,1.41443234973867,1.0906006172305498
2021-11-14,1.2537869702216746,1.3421646861080896,1.1712349965592546,1.4363681442185,1.0945087651208298
2021-11-15,1.2666928351490072,1.360133480523235,1.1796791182236779,1.4600010543463613,1.099092329747247
2021-11-16,1.2748271258571562,1.3714283226823087,1.1850388225336075,1.4748424130090652,1.102063412711663
2021-11-17,1.2788521701577913,1.3771358203670212,1.1875917978005741,1.4824427484282636,1.1033547032953694
2021-11-18,1.2824098188142388,1.3822264458593372,1.1898108098136402,1.4892606909489359,1.1044294188575414
2021-11-19,1.2861389578358646,1.387575466255279,1.1921277385055127,1.4964372637637557,1.105541808264223
2021-11-20,1.2902061564724234,1.3933670153637632,1.1946935241661598,1.5041761008401786,1.106829118444972
2021-11-21,1.29599016503078,1.401577417020105,1.1983686027709675,1.5151303587389426,1.1087127302406676
2021-11-22,1.2982778823950916,1.4048216643392406,1.199826193741492,1.5194575395739391,1.109466598378442
2021-11-23,1.292590458724695,1.396799671048637,1.1961666958566652,1.5087943328284916,1.1075283824445477
2021-11-24,1.2829674910962177,1.3831652615401806,1.1900376873344647,1.490630998666354,1.1043758502549221
2021-11-25,1.2743491380324807,1.3709697808692332,1.184546420564473,1.4744083490747306,1.1015616284652097
2021-11-26,1.2686238908600482,1.3628826008282733,1.1808920485764727,1.463668178481148,1.0996870739775468
2021-11-27,1.2634690867283744,1.3555873431621617,1.1776179235406943,1.4539726928420562,1.098033853599121
2021-11-28,1.2584011549250111,1.3484400278004212,1.174381129824424,1.4444977484506536,1.0963799524986593
2021-11-29,1.2529630392530593,1.3407412356645398,1.170937844103832,1.434272433338274,1.0946656502168584
2021-11-30,1.2411597863913324,1.3240091201537694,1.1634998009001154,1.4120478021874265,1.091029163680119
2021-12-01,1.232740223466991,1.3121231017847579,1.1581643775469865,1.3963130125002867,1.0883955640247445
2021-12-02,1.227428715186827,1.3046671678790132,1.1547669201818938,1.3864822782584518,1.086681782864213
2021-12-03,1.2261018894733235,1.3028087763313672,1.1539152782085222,1.3840359387826529,1.086248942536963
2021-12-04,1.2265028512888265,1.3033713546454175,1.1541717453370552,1.384777255406828,1.086378036790104
2021-12-05,1.2284580945205894,1.3060919669121658,1.1554428487060049,1.388344465880734,1.0870462294684118
2021-12-06,1.2302321709346011,1.3085519297600992,1.1566042304256974,1.3915635069021914,1.0876681082333879
2021-12-07,1.2249690047323845,1.3012416301200536,1.1531709663321972,1.3819888424952047,1.0858475149194915
2021-12-08,1.219505353478362,1.2936353276022854,1.1496267874320671,1.3720167098038378,1.083999629463401
2021-12-09,1.214188068003496,1.2862333506096653,1.1461813996539225,1.3623172474724305,1.0822133455609446
2021-12-10,1.2029378437089915,1.2708883830105295,1.1386230134501985,1.3424746313548122,1.07794389223415
2021-12-11,1.1954450649155057,1.260626933955839,1.1336357396865202,1.3291813468075198,1.0751989582688823
2021-12-12,1.1911854000124622,1.254735528870017,1.1308560392942322,1.321506425866897,1.0737474467153276
2021-12-13,1.1892358582539706,1.2520448670890172,1.1295796570727297,1.3180066835778697,1.0730762635452946
2021-12-14,1.1838472028192626,1.2445691898843543,1.126089580135972,1.308255541331247,1.0712963218344822
2021-12-15,1.1809702354751774,1.2405550849498532,1.1242489462925056,1.3030034947165334,1.0703912174018382
2021-12-16,1.1801570035459283,1.2394156029869923,1.123733281067117,1.3015090793903088,1.0701444355505583
2021-12-17,1.183618137566039,1.244260042623254,1.1259335138657556,1.3078592290374,1.0712061715224033
2021-12-18,1.1929933955375915,1.2573611027177773,1.1319230066820354,1.3250261282225921,1.0741499361511087
2021-12-19,1.205372375782806,1.2746365107685511,1.1398748575581679,1.3476672625154034,1.0781439560946369
2021-12-20,1.2184665815472395,1.292774708273433,1.1484331872988929,1.3713575674774736,1.0826745255283927
2021-12-21,1.226970293830735,1.304514825230153,1.15403933638211,1.3866729305803642,1.085721952884278
2021-12-22,1.2396368220053204,1.3220881069094619,1.1623325748410653,1.4096864295534894,1.0901753654166968
2021-12-23,1.2570702464013117,1.3464520650499217,1.1736284315774914,1.4417738875233217,1.0961266205784608
2021-12-24,1.2776047168736084,1.376234930377574,1.1860521046649313,1.4819427451768283,1.1015770937515428
2021-12-25,1.3050760110389146,1.4163457370472476,1.2025612903454113,1.536370468370411,1.1088015749667377
2021-12-26,1.3399819478347141,1.4674684569862997,1.2235918219604618,1.6060513494152182,1.1182980793635429
2021-12-27,1.3627675664139185,1.5002991073766894,1.2378700591369576,1.6504646820252704,1.1256065855458068
2021-12-28,1.3779855894336903,1.5222771916389235,1.247401768174121,1.6802765747898207,1.1305257278602157
2021-12-29,1.406335283856605,1.5642435947826236,1.2644084264953637,1.73813335927342,1.1384630226988997
2021-12-30,1.4488818277390842,1.62877615096645,1.2889173562953415,1.8286003259774388,1.1488827366352214
2021-12-31,1.5085515165678745,1.7214772694008347,1.3220635893655381,1.9608408478644186,1.1620134877938255
2022-01-01,1.5828952335615716,1.8390095762751766,1.362623954800635,2.13096698294145,1.1781957399923668
2022-01-02,1.6619936604266872,1.965670398335943,1.4055153151330615,2.3165455288608285,1.1962353624550655
2022-01-03,1.7167181926617736,2.053068426203592,1.435846354895448,2.444897055520904,1.2104529129046155
2022-01-04,1.7462063942736827,2.1004137529306974,1.4521623046321737,2.5147843806032175,1.21828148400617
2022-01-05,1.7760467552821202,2.1491084223555066,1.4682398477600889,2.5874248489802483,1.2256876997894124
2022-01-06,1.8040424724538866,2.1953922159319696,1.483017759315723,2.6570669897499726,1.2323180765174793
2022-01-07,1.8383726000166098,2.25248635076028,1.5010470190440048,2.743388271275017,1.2405096078424653
2022-01-08,1.8513119597266738,2.2738281170663797,1.5079961946215321,2.7755446666406507,1.2438808217509552
2022-01-09,1.858094921462885,2.2850283406929024,1.5116380815092,2.792438339199252,1.2456578208318476
2022-01-10,1.8340986383845683,2.24493412023291,1.4990886192118944,2.7315950647569203,1.2399040627148885
2022-01-11,1.7785469325853713,2.151981474421425,1.4704100264461972,2.590713651954358,1.2275707560039026
2022-01-12,1.7218193554306287,2.0578306701248943,1.4410440518837422,2.449077995966539,1.2155047594842348
2022-01-13,1.664426942254587,1.9641067747109162,1.4107409743056654,2.3097804716746526,1.2030488708641511
2022-01-14,1.6110282466545949,1.8791625956947016,1.381350256949252,2.1857533040695722,1.1901286265786726
2022-01-15,1.5650702016875817,1.808065672867241,1.354880984438958,2.083867397977936,1.17749802112137
2022-01-16,1.523853238509077,1.7458798785312062,1.3301772134579306,1.9962571335243182,1.164851803377767
2022-01-17,1.470488461850216,1.6649324084494659,1.2988311798612362,1.8821630196589856,1.1499605624825266
2022-01-18,1.4013181794313498,1.5602960141937616,1.2585807821678296,1.7355142864550652,1.1320838224032013
2022-01-19,1.3425392325922634,1.4729300297592747,1.223713954458263,1.6148863459592973,1.1164541953572737
2022-01-20,1.291801286897293,1.39937700255844,1.1925076014430926,1.5152347484265332,1.1014959461958385
2022-01-21,1.250146695555224,1.3412848815526601,1.165208369578088,1.438622927570396,1.086469903621252
2022-01-22,1.2084150670045564,1.282002921331718,1.1390546914986928,1.359818254480177,1.0739217948141266
2022-01-23,1.170953698344741,1.2300306010275948,1.1147158270261917,1.2919465350747525,1.0613169870719463
